{
  "timestamp": "2025-12-08 15:56:11",
  "total_cases": 600,
  "models_evaluated": [
    "qwen2.5:7b",
    "mistral:7b",
    "llama3.1:8b"
  ],
  "scoring_weights": {
    "use_case": 0.5,
    "user_count": 0.25,
    "priority": 0.15,
    "hardware": 0.1
  },
  "note": "Qwen uses few-shot + post-processing improvements",
  "results": [
    {
      "model": "qwen2.5:7b",
      "total_cases": 600,
      "weighted_score": 0.9514166666666672,
      "field_accuracy": {
        "use_case": 0.9333333333333333,
        "user_count": 0.9583333333333334,
        "priority": 0.9566666666666667,
        "hardware": 0.9966666666666667
      },
      "json_validity": 1.0,
      "schema_compliance": 0.99,
      "latency_ms": {
        "avg": 913.6216926574707,
        "p90": 1075.6680965423584
      },
      "error_count": 0
    },
    {
      "model": "mistral:7b",
      "total_cases": 600,
      "weighted_score": 0.9074707846410695,
      "field_accuracy": {
        "use_case": 0.8816666666666667,
        "user_count": 0.9183333333333333,
        "priority": 0.9116666666666666,
        "hardware": 0.9766666666666667
      },
      "json_validity": 0.9983333333333333,
      "schema_compliance": 0.99,
      "latency_ms": {
        "avg": 1121.6040448347728,
        "p90": 1287.5959873199463
      },
      "error_count": 1
    },
    {
      "model": "llama3.1:8b",
      "total_cases": 600,
      "weighted_score": 0.8808305369127533,
      "field_accuracy": {
        "use_case": 0.8383333333333334,
        "user_count": 0.9283333333333333,
        "priority": 0.7016666666666667,
        "hardware": 0.9783333333333334
      },
      "json_validity": 0.9933333333333333,
      "schema_compliance": 0.99,
      "latency_ms": {
        "avg": 1056.2593523661296,
        "p90": 1271.1598873138428
      },
      "error_count": 4
    }
  ]
}