{
  "timestamp": "2025-12-08 14:58:08",
  "total_cases": 600,
  "models_evaluated": [
    "qwen2.5:7b",
    "mistral:7b",
    "llama3.1:8b"
  ],
  "scoring_weights": {
    "use_case": 0.5,
    "user_count": 0.25,
    "priority": 0.15,
    "hardware": 0.1
  },
  "note": "Qwen uses few-shot + post-processing improvements",
  "results": [
    {
      "model": "qwen2.5:7b",
      "total_cases": 600,
      "weighted_score": 0.925083333333334,
      "field_accuracy": {
        "use_case": 0.9016666666666666,
        "user_count": 0.9566666666666667,
        "priority": 0.8433333333333334,
        "hardware": 0.9933333333333333
      },
      "json_validity": 1.0,
      "schema_compliance": 0.99,
      "latency_ms": {
        "avg": 1408.6332440376282,
        "p90": 1886.199951171875
      },
      "error_count": 0
    },
    {
      "model": "mistral:7b",
      "total_cases": 600,
      "weighted_score": 0.8728333333333365,
      "field_accuracy": {
        "use_case": 0.86,
        "user_count": 0.925,
        "priority": 0.7083333333333334,
        "hardware": 0.9833333333333333
      },
      "json_validity": 1.0,
      "schema_compliance": 0.99,
      "latency_ms": {
        "avg": 1892.6289319992065,
        "p90": 2916.672945022583
      },
      "error_count": 0
    },
    {
      "model": "llama3.1:8b",
      "total_cases": 600,
      "weighted_score": 0.8646290050590262,
      "field_accuracy": {
        "use_case": 0.865,
        "user_count": 0.9266666666666666,
        "priority": 0.3566666666666667,
        "hardware": 0.97
      },
      "json_validity": 0.9883333333333333,
      "schema_compliance": 0.99,
      "latency_ms": {
        "avg": 2381.338613430659,
        "p90": 2617.9678440093994
      },
      "error_count": 7
    }
  ]
}